{"15": 52.965478267408606, "52": 53.1813740546662, "23": 64.50035372516226, "56": 64.53433046440117, "24": 64.92724713406996, "9": 65.08357502086871, "50": 65.1147430262643, "16": 65.37936045642991, "6": 65.61927822636335, "4": 66.04141967684201, "41": 66.33529204085329, "27": 66.86768155899652, "31": 66.99809449169379, "1": 67.01433925728394, "7": 67.16992403973764, "34": 67.76087589462315, "44": 67.85836425790404, "49": 73.25138261506895, "51": 73.30994863728269, "42": 73.36814849647817, "12": 73.47618324104108, "8": 73.54450123022401, "35": 73.99660815025334, "43": 74.38864846609998, "18": 74.43619818770051, "28": 74.45505599844473, "13": 74.47661576298009, "5": 74.50507728221412, "14": 74.59959643753635, "30": 74.75346184972321, "17": 74.80399821836411, "19": 75.10065178222847, "0": 75.13134640520973, "2": 75.17713670946755, "3": 75.179279218051, "33": 75.51001115612587, "59": 75.54901115072575, "11": 75.62948980841139, "47": 75.90009125290658}