{"47": 75.90009125290658, "11": 75.62948980841139, "59": 75.54901115072575, "33": 75.51001115612587, "3": 75.179279218051, "2": 75.17713670946755, "0": 75.13134640520973, "19": 75.10065178222847, "17": 74.80399821836411, "30": 74.75346184972321, "14": 74.59959643753635, "5": 74.50507728221412, "13": 74.47661576298009, "28": 74.45505599844473, "18": 74.43619818770051, "43": 74.38864846609998, "35": 73.99660815025334, "8": 73.54450123022401, "12": 73.47618324104108, "42": 73.36814849647817, "51": 73.30994863728269, "49": 73.25138261506895, "70": 72.67557108485707, "44": 67.85836425790404, "34": 67.76087589462315, "7": 67.16992403973764, "1": 67.01433925728394, "31": 66.99809449169379, "27": 66.86768155899652, "41": 66.33529204085329, "4": 66.04141967684201, "6": 65.61927822636335, "16": 65.37936045642991, "50": 65.1147430262643, "9": 65.08357502086871, "24": 64.92724713406996, "56": 64.53433046440117, "23": 64.50035372516226, "52": 53.1813740546662, "15": 52.965478267408606}
{"7": 38.01589220681873, "0": 37.920883984893436, "41": 37.872890760289415, "27": 37.70928102332387, "43": 37.66153391084617, "34": 37.48534849297821, "18": 37.436371064890764, "30": 37.394347330286074, "44": 37.39179048492961, "33": 37.358649512003566, "14": 37.27472667145143, "2": 37.11750892331574, "3": 36.96764130316782, "19": 36.9023376891533, "59": 36.89014207040934, "11": 36.86737706771624, "17": 36.841129574931244, "47": 36.8087729564525, "28": 36.31778556626868, "51": 36.26753884959019, "12": 36.110061420925156, "13": 35.704659709585556, "70": 34.18650660743496, "24": 34.153532693638304, "42": 33.95896377739096, "35": 33.867106828203994, "8": 33.86647804524095, "56": 33.620412458004765, "5": 33.428098774939606, "9": 33.34116503372576, "49": 33.29018108262328, "15": 21.13133455270723, "52": 20.631733771140155, "50": 20.292221475487317, "23": 19.628118794945888, "6": 19.47671603373236, "16": 19.330896266060876, "31": 19.2842232348232, "4": 19.24773547463093, "1": 19.186899485603607}
{"44": 62.94285469374026, "34": 61.96048317967479, "3": 61.653088746992864, "17": 61.343294591339316, "27": 61.34037430176045, "47": 61.21412802942111, "7": 61.033702556522876, "59": 61.00526851381907, "2": 60.72580915948678, "19": 60.6966797891178, "41": 60.61433447672123, "9": 60.37076446419908, "43": 60.2798313344117, "56": 60.27136995592901, "30": 60.241055778779916, "13": 60.10842302712405, "14": 60.02258237309117, "33": 59.952084762162094, "11": 59.943018064760686, "0": 59.87492443804251, "12": 59.85736280960976, "24": 59.55394106483156, "18": 59.54430206669633, "28": 58.70520900757048, "51": 58.58561423027899, "70": 58.32502647873981, "42": 58.233491595698396, "5": 57.53357950293416, "8": 57.52951228972945, "35": 57.393542062071845, "49": 56.09280483485916, "23": 45.29412007964496, "15": 45.15885805828039, "52": 44.79157052254229, "16": 44.38259376203392, "6": 43.952613283944316, "1": 43.11115394252608, "4": 42.88107096552582, "50": 42.6187774219543, "31": 42.603966665350825}
{"47": 173.92299223878018, "3": 173.80000926821168, "59": 173.44442173495415, "2": 173.02045479227007, "17": 172.98842238463467, "0": 172.92715482814566, "33": 172.82074543029154, "19": 172.69966926049958, "11": 172.4398849408883, "30": 172.3888649587892, "43": 172.33001371135785, "14": 171.89690548207895, "18": 171.41687131928762, "13": 170.28969849968968, "28": 169.4780505722839, "12": 169.443607471576, "44": 168.1930094365739, "51": 168.16310171715187, "34": 167.20670756727614, "7": 166.21951880307924, "27": 165.91733688408084, "42": 165.56060386956753, "5": 165.4667555600879, "35": 165.25725704052917, "70": 165.18710417103182, "8": 164.9404915651944, "41": 164.82251727786394, "49": 162.63436853255138, "9": 158.79550451879354, "24": 158.6347208925398, "56": 158.42611287833495, "23": 129.4225925997531, "1": 129.3123926854136, "16": 129.09285048452472, "6": 129.04860754404, "31": 128.88628439186783, "4": 128.17022611699878, "50": 128.0257419237059, "15": 119.25567087839623, "52": 118.60467834834864}