{"15": 22.697086005412462, "52": 22.794255510049485, "56": 28.985136027833374, "9": 28.99792700246407, "24": 29.174753180332957, "41": 32.437379462184865, "44": 32.717973882725616, "27": 32.837002956195086, "7": 32.91392273885493, "34": 32.94898734547442, "16": 53.48189478285501, "6": 53.50292502420918, "23": 53.657207425462495, "4": 58.105995356343534, "50": 58.6657399140494, "1": 59.08623758364824, "31": 59.14493336385889, "70": 61.63348001657231, "42": 65.27302523549422, "8": 65.30239849023974, "30": 66.6188292029744, "14": 66.7354518381449, "3": 66.9064709090026, "43": 67.03678253531861, "49": 67.08697035934043, "5": 67.19986800900249, "35": 67.2390014399321, "12": 68.17716745186732, "19": 68.46765395061864, "51": 68.53196600460633, "2": 68.60116547723155, "18": 68.723109421062, "17": 69.24310929369413, "47": 70.56705528372953, "59": 70.6718433714325, "13": 70.69689526485843, "11": 70.80882890916507, "33": 70.93130106570185, "28": 70.93900641897397, "0": 70.977320813812}