{"15": 51.77380484568879, "52": 51.8844838781829, "56": 58.616274656029454, "24": 58.82314647335679, "9": 59.20771348483398, "41": 59.26962509293179, "6": 59.352610784216, "23": 59.420475994666575, "16": 59.43609674787611, "27": 60.32945169624482, "7": 60.53069009208441, "34": 61.459382636405394, "44": 61.67278585712388, "50": 61.83309731037379, "4": 61.99695797290935, "31": 63.61632878666492, "1": 64.04885031805867, "42": 67.59498294830621, "43": 67.79909526962555, "8": 67.79963928143238, "51": 67.83972024423954, "49": 68.01761642354475, "5": 68.03870548513704, "14": 68.03960285140977, "18": 68.04678141608393, "35": 68.04992383162191, "30": 68.06045880048582, "3": 68.38094477936453, "19": 69.69681528407278, "2": 69.7991298606983, "11": 69.88714725176636, "0": 69.89371888126072, "17": 69.89518587392512, "33": 69.9524047092761, "28": 69.99447490295987, "12": 70.0783697547251, "47": 70.37847676678652, "59": 70.5009597044547, "13": 70.60000532379186}