{"0": 75.13134640520973}{"0": 37.920883984893436}{"0": 59.87492443804251}{"0": 172.92715482814566}